[
  {
    "id": 1,
    "name": "Die Macher",
    "year": 1986,
    "ranking": 223,
    "users_rated": 4777,
    "url": "https://www.boardgamegeek.com/boardgame/1/die-macher",
    "image": "https://cf.geekdo-images.com/micro/img/JFMB8ORpxWo-VfPrEePfMluBkGs=/fit-in/64x64/pic159509.jpg"
  },

  {
    "id": "091910b8",
    "user": "PAYDIRT",
    "rating": 6,
    "c_text": "A detailed tactical game on air and air to ground combat missions in the The Vietnam War/Second Indochina War.  Worth a look if the topic interests you.  The 2nd edition bookcase version is a cleaned up and better version.",
    "gid": 6228
  }
]
